{
    "Entries":  null,
    "CurrentPlayer":  {
                          "Rank":  193089,
                          "Score":  91325,
                          "ProfileId":  "334229d7-a60c-4b8e-8100-ed7f83a3ca36",
                          "PercentileIndex":  51,
                          "ScoreDetails":  {
                                               "Time":  43040,
                                               "Precision":  23285,
                                               "Flair":  25000
                                           }
                      },
    "HasMore":  false,
    "PercentileSpread":  [
                             0.010003995150327682,
                             0.009865575470030308,
                             0.010211625136435032,
                             0.010258814319968224,
                             0.009909617714583874,
                             0.009491211734712124,
                             0.009815240278840065,
                             0.010894288308918476,
                             0.010236792266368866,
                             0.008245430886745453,
                             0.01040038000792265,
                             0.011347299441695213,
                             0.010759013704955578,
                             0.006370468530803919,
                             0.013017777353525162,
                             0.008025217801332474,
                             0.008147908374667168,
                             0.014543544501066208,
                             0.01082193199545145,
                             0.009893888607621193,
                             0.00857575237751007,
                             0.006581244524568319,
                             0.01196389738470316,
                             0.0043350644409656525,
                             0.005184460431337357,
                             0.0031930990517139435,
                             0.005637471564114094,
                             0.007779836654663086,
                             0.001186008215881884,
                             0.003259163349866867,
                             0.005052332300692797,
                             0.009472336620092392,
                             7.2355942393187433E-05,
                             0.010331169702112675,
                             0.0011765705421566963,
                             0.009519524872303009,
                             5.0334569095866755E-05,
                             0.0068863979540765285,
                             0.004036203026771545,
                             0.0071695297956466675,
                             0.003932388033717871,
                             0.0009186058305203915,
                             0.01097608171403408,
                             0.0075690606608986855,
                             0.012344553135335445,
                             0.012042545713484287,
                             0.0006512034451588988,
                             0.012284780852496624,
                             0.0007046839455142617,
                             0.004190352745354176,
                             0.008720464073121548,
                             0.004504943732172251,
                             0.009233247488737106,
                             0.013445621356368065,
                             0.004973684437572956,
                             0.009447169490158558,
                             0.004869869444519281,
                             0.009991412051022053,
                             0.01644367352128029,
                             0.0045898836106061935,
                             0.016582094132900238,
                             0.012646560557186604,
                             0.004099121317267418,
                             0.013502247631549835,
                             0.003982722759246826,
                             0.017082294449210167,
                             0.017324529588222504,
                             0.015072057023644447,
                             0.018161341547966003,
                             0.003189953276887536,
                             0.015518776141107082,
                             0.018340658396482468,
                             0.018670978024601936,
                             0.01599695533514023,
                             0.002482123440131545,
                             0.01854199543595314,
                             0.01636188104748726,
                             0.00207000900991261,
                             0.018894338980317116,
                             0.016522321850061417,
                             0.018718168139457703,
                             0.0016421652399003506,
                             0.017664287239313126,
                             0.01695331186056137,
                             0.016667034476995468,
                             0.015704385936260223,
                             0.014710277318954468,
                             0.01373819075524807,
                             0.013348097912967205,
                             0.012621392495930195,
                             0.01196704339236021,
                             0.01129381824284792,
                             0.010793618857860565,
                             0.011111355386674404,
                             0.010998102836310863,
                             0.022326527163386345,
                             0.01046015229076147,
                             0.023308049887418747,
                             0.007631978951394558,
                             0.0077420854941010475
                         ]
}
